"Domain Name","User Name","Last Scraped Time",Email
lms.xeroneit.net,"Xerone IT","2016-01-16 06:12:30",test@gmail.com
lms.xeroneit.net,"Xerone IT","2016-01-16 06:12:30",admin@gmail.com
lms.xeroneit.net,"Xerone IT","2016-01-16 06:12:30",member@gmail.com
lms.xeroneit.net,"Xerone IT","2016-01-16 06:17:08",test@gmail.com
lms.xeroneit.net,"Xerone IT","2016-01-16 06:17:08",admin@gmail.com
lms.xeroneit.net,"Xerone IT","2016-01-16 06:17:08",member@gmail.com
lms.xeroneit.net,"Xerone IT","2016-01-16 06:18:10",test@gmail.com
lms.xeroneit.net,"Xerone IT","2016-01-16 06:18:10",admin@gmail.com
lms.xeroneit.net,"Xerone IT","2016-01-16 06:18:10",member@gmail.com
lms.xeroneit.net,"Xerone IT","2016-01-16 06:22:33",test@gmail.com
lms.xeroneit.net,"Xerone IT","2016-01-16 06:22:33",admin@gmail.com
lms.xeroneit.net,"Xerone IT","2016-01-16 06:22:33",member@gmail.com
lms.xeroneit.net,"Xerone IT","2016-01-16 06:24:39",test@gmail.com
lms.xeroneit.net,"Xerone IT","2016-01-16 06:24:39",admin@gmail.com
lms.xeroneit.net,"Xerone IT","2016-01-16 06:24:39",member@gmail.com
